{"type": "block", "layer": 1, "block": 0, "features": [{"geom": {"triangles": {"v": [-206.68346007633954, 27.778992395382375, 384.13751220703125, -208.68346007633954, 9.653992395382375, 383.7749938964844, -193.93346007633954, 16.528992395382375, 384.1600036621094, -198.18346007633954, 35.778992395382375, 384.29498291015625, -140.18346007633954, 70.27899239538237, 386.072509765625, -155.93346007633954, 76.65399239538237, 386.3175048828125, -156.18346007633954, 94.27899239538237, 386.375, -107.43346007633954, 89.65399239538237, 386.447509765625, -152.68346007633954, 134.90399239538237, 386.1600036621094, -168.68346007633954, 128.65399239538237, 386.45501708984375, -179.93346007633954, 121.52899239538237, 386.2674865722656, -167.18346007633954, 145.90399239538237, 385.989990234375, -124.18346007633954, 171.90399239538237, 388.7900085449219, -133.93346007633954, 181.52899239538237, 388.8787536621094, -94.93346007633954, 197.90399239538237, 388.7650146484375, -110.93346007633954, 212.02899239538237, 388.8450012207031, -94.68346007633954, 208.77899239538237, 383.2624816894531, -105.68346007633954, 215.65399239538237, 388.8900146484375, -116.68346007633954, 218.02899239538237, 388.8299865722656, -110.18346007633954, 223.65399239538237, 389.0849914550781, -96.93346007633954, 224.02899239538237, 384.0462646484375, -42.18346007633954, 163.90399239538237, 385.7799987792969, -32.18346007633954, 153.90399239538237, 385.25, -9.683460076339543, 190.02899239538237, 387.8125, -23.183460076339543, 196.40399239538237, 388.04998779296875, 31.066539923660457, 92.15399239538237, 388.9725036621094, 2.066539923660457, 124.27899239538237, 389.4124755859375, 32.06653992366046, 100.65399239538237, 385.88250732421875, 42.06653992366046, 94.65399239538237, 387.11248779296875, 40.81653992366046, 115.02899239538237, 385.94500732421875, 56.81653992366046, 103.52899239538237, 389.10498046875, 84.56653992366046, 103.02899239538237, 389.03375244140625, 79.56653992366046, 94.65399239538237, 384.51751708984375, 130.56653992366046, 44.153992395382375, 389.0849914550781, 144.56653992366046, 53.403992395382375, 389.2449951171875, 146.06653992366046, 27.028992395382375, 389.7875061035156, 140.06653992366046, 11.778992395382375, 389.3074951171875, 157.06653992366046, 16.903992395382375, 390.7749938964844, 152.56653992366046, 2.9039923953823745, 390.20501708984375, 167.81653992366046, 9.403992395382375, 391.6300048828125, 76.56653992366046, 86.27899239538237, 388.9237365722656, 16.066539923660457, 53.778992395382375, 389.4850158691406, 12.566539923660457, 65.27899239538237, 388.8937683105469, -3.933460076339543, 31.028992395382375, 384.3424987792969, -18.433460076339543, 82.02899239538237, 389.60125732421875, -57.93346007633954, 39.278992395382375, 386.3687438964844, -77.93346007633954, 10.653992395382375, 385.9949951171875, -96.43346007633954, 77.90399239538237, 386.46502685546875, -69.68346007633954, 129.90399239538237, 388.7699890136719, -54.43346007633954, 119.02899239538237, 389.54376220703125, -42.18346007633954, -47.596007604617625, 385.20001220703125, -103.68346007633954, -43.221007604617625, 385.0174865722656, -132.68346007633954, -45.596007604617625, 383.8699951171875, -129.93346007633954, -61.596007604617625, 383.17498779296875, -149.43346007633954, -58.471007604617625, 383.56500244140625, -90.93346007633954, -60.096007604617625, 384.2950134277344, -74.18346007633954, -70.84600760461763, 383.94500732421875, -116.93346007633954, -92.47100760461763, 382.8899841308594, -122.93346007633954, -82.09600760461763, 381.4949951171875, 18.316539923660457, 13.778992395382375, 385.8475036621094, 0.06653992366045713, -57.221007604617625, 385.4637451171875, 20.816539923660457, -45.221007604617625, 385.6524963378906, 44.81653992366046, -29.971007604617625, 385.9949951171875, 56.81653992366046, -11.846007604617625, 385.78997802734375, 27.566539923660457, 22.528992395382375, 386.2587585449219, 60.31653992366046, -5.4710076046176255, 386.0849914550781, 70.06653992366046, -33.471007604617625, 386.52874755859375, 75.31653992366046, -27.346007604617625, 386.42999267578125, 120.81653992366046, -69.22100760461763, 389.25, 123.81653992366046, -63.846007604617625, 389.2550048828125, 133.31653992366046, -68.59600760461763, 389.6099853515625, 128.06653992366046, -62.346007604617625, 389.427490234375, 135.31653992366046, -46.846007604617625, 388.91998291015625, 127.56653992366046, -77.47100760461763, 389.2799987792969, 119.31653992366046, -93.34600760461763, 387.66998291015625, 104.06653992366046, -110.09600760461763, 385.7149963378906, 110.56653992366046, -112.47100760461763, 385.8587646484375, 130.56653992366046, -77.72100760461763, 389.4150085449219, 146.31653992366046, -90.84600760461763, 389.6099853515625, 170.81653992366046, -91.84600760461763, 390.9700012207031, 163.31653992366046, -100.84600760461763, 389.93499755859375, 179.31653992366046, -111.34600760461763, 389.5899963378906, 186.56653992366046, -95.34600760461763, 391.7025146484375, 182.56653992366046, -91.09600760461763, 391.7149963378906, 197.06653992366046, -84.84600760461763, 389.82000732421875, 199.81653992366046, -90.84600760461763, 394.33502197265625, 234.31653992366046, -84.09600760461763, 400.5799865722656, 239.06653992366046, -88.09600760461763, 398.2550048828125, 246.56653992366046, -85.47100760461763, 403.0299987792969, 245.06653992366046, -90.47100760461763, 398.802490234375, 146.06653992366046, -92.09600760461763, 389.58001708984375, 162.06653992366046, -101.97100760461763, 389.9674987792969, 6.066539923660457, -57.221007604617625, 385.39874267578125, -26.183460076339543, -65.59600760461763, 385.1099853515625, -24.433460076339543, -70.09600760461763, 385.1199951171875, -3.933460076339543, -87.72100760461763, 384.2137451171875, -50.93346007633954, -96.47100760461763, 383.9437561035156, -12.683460076339543, 86.27899239538237, 388.9725036621094, -136.68346007633954, 188.40399239538237, 388.9100036621094], "f": [0, 1, 2, 3, 0, 2, 3, 2, 4, 5, 3, 4, 6, 5, 4, 7, 6, 4, 7, 8, 6, 9, 6, 8, 9, 10, 6, 11, 9, 8, 12, 11, 8, 13, 11, 12, 13, 12, 14, 14, 15, 13, 15, 14, 16, 17, 15, 16, 17, 18, 15, 19, 18, 17, 20, 17, 16, 16, 14, 21, 21, 14, 22, 21, 22, 23, 24, 21, 23, 25, 22, 14, 22, 25, 26, 26, 25, 27, 27, 25, 28, 29, 27, 28, 29, 28, 30, 31, 29, 30, 31, 30, 32, 31, 32, 33, 31, 33, 34, 34, 33, 35, 33, 36, 35, 35, 36, 37, 36, 38, 37, 37, 38, 39, 32, 40, 33, 41, 28, 25, 25, 42, 41, 42, 43, 41, 44, 43, 42, 44, 45, 43, 45, 46, 43, 45, 47, 46, 47, 4, 46, 7, 4, 47, 48, 7, 47, 49, 48, 47, 46, 50, 43, 46, 51, 50, 52, 51, 46, 52, 53, 51, 52, 54, 53, 2, 54, 52, 2, 1, 54, 55, 50, 51, 50, 55, 56, 55, 57, 56, 58, 57, 55, 59, 43, 50, 60, 59, 50, 61, 59, 60, 59, 61, 62, 59, 62, 63, 64, 59, 63, 65, 64, 63, 63, 62, 66, 63, 66, 67, 68, 66, 62, 66, 68, 69, 69, 68, 70, 71, 69, 70, 71, 70, 72, 68, 73, 70, 68, 74, 73, 68, 75, 74, 75, 76, 74, 73, 77, 70, 70, 77, 78, 78, 79, 70, 79, 78, 80, 79, 80, 81, 82, 79, 81, 83, 79, 82, 83, 82, 84, 84, 82, 85, 84, 85, 86, 86, 85, 87, 86, 87, 88, 87, 89, 88, 80, 78, 90, 91, 80, 90, 61, 60, 92, 60, 50, 93, 93, 94, 60, 94, 95, 60, 94, 96, 95, 97, 44, 42, 15, 98, 13]}, "centroids": [[-41.988094145897776, 27.152953871525824, 386.28851318359375]]}, "mtl": 0}, {"geom": {"triangles": {"v": [67.06653992366046, -61.971007604617625, 385.56500244140625, 57.81653992366046, -81.59600760461763, 385.2900085449219, 75.06653992366046, -67.84600760461763, 385.60748291015625, 65.56653992366046, -85.47100760461763, 385.5562438964844], "f": [0, 1, 2, 2, 1, 3]}, "centroids": [[66.50512435846031, -73.93119717086665, 385.4091491699219]]},